Post title,Post link,Created date,Impressions,Views,Clicks,Click through rate (CTR),Likes,Comments,Reposts,Engagement rate
"Wave energy attenuator in underground pipes
#waveenergy #wavepower #pipeline #attenuator
https://lnkd.in/g9Tx-Jd2",https://www.linkedin.com/feed/update/urn:li:activity:7049133686339895296,04/04/2023,11,,2,0.1818181872,3,0,1,0.4545454681
"Walking around the holosurfing prototype, setup shows the holofans and surfboard
#holofan #surfboard #holosurf #holosurfing
https://lnkd.in/gMZe8J4Y",https://www.linkedin.com/feed/update/urn:li:activity:7046595429609717760,03/28/2023,31,,1,0.03225806355,3,0,0,0.09677419066
"Circling the holosurfing setup with 360 degree tour
#holosurf #holosurfing #surfboard #holofan #hydrizon
https://lnkd.in/gvHB4-Sx",https://www.linkedin.com/feed/update/urn:li:activity:7044789607871250432,03/23/2023,53,,3,0.05660377443,3,0,0,0.09433962405
"Oscillating Water Column (OWC) design fitted for a downpipe
#owc #oscillating #waveenergy #wavepower #downpipe
https://lnkd.in/gRxKgHqX",https://www.linkedin.com/feed/update/urn:li:activity:7044031205343707136,03/21/2023,49,,2,0.04081632569,4,0,0,0.1020408198
"Hit the holowaves and go holosurfin'
#holowaves #holosurf #holosurfing #holofan #surfboard 
https://lnkd.in/g7Jb8iXb",https://www.linkedin.com/feed/update/urn:li:activity:7043425396410765312,03/20/2023,35,,2,0.05714285746,4,0,1,0.1714285761
"Developing holosurfing with physical prototype involving holofans and surfboard
#holosurfing #holosurf #surfboard #holofan
https://lnkd.in/gCnYfpYy",https://www.linkedin.com/feed/update/urn:li:activity:7042219198093156352,03/16/2023,45,,1,0.02222222276,3,0,1,0.08888889104
"Holosurfing setup with surfboard moved by motor and holofans projecting waves
#holosurfing #holosurf #surfboard #holofan
https://lnkd.in/gGbEgmNz",https://www.linkedin.com/feed/update/urn:li:activity:7041508955226853376,03/14/2023,41,,2,0.04878048599,3,0,0,0.09756097198
"A design for a wave energy attenuator fitted for a downpipe
#wavepower #waveenergy #attenuator #downpipe
https://lnkd.in/gfruDPqQ",https://www.linkedin.com/feed/update/urn:li:activity:7041200837649436672,03/14/2023,63,,3,0.04761904851,4,0,0,0.09523809701
"Shower stall base with wave power attenuator for generating electricity
#shower #wavepower #waveenergy #attenuator
https://lnkd.in/gsF6hGVz",https://www.linkedin.com/feed/update/urn:li:activity:7040817015967682560,03/12/2023,45,,2,0.04444444552,3,0,2,0.1333333403
"Swell holowaves for holosurfing
#holosurf #holosurfing #holowaves #swell #surfboard 
https://lnkd.in/gbzvHFbi",https://www.linkedin.com/feed/update/urn:li:activity:7039674065116139520,03/09/2023,25,,0,0,3,0,0,0.07999999821
"Holosurfing is the future for hanging ten
#hangten #holosurf #holosurfing #surfboard #holofan
https://lnkd.in/gQEKue9D",https://www.linkedin.com/feed/update/urn:li:activity:7039345751637856256,03/08/2023,23,,1,0.04347826168,4,0,1,0.2173912972
"Your holowave is waiting with this surfboard setup with motor and holofans.
#holowave #holosurf #holosurfing #holofan #surfboard 
https://lnkd.in/gx6DjyYi",https://www.linkedin.com/feed/update/urn:li:activity:7038952321183059968,03/07/2023,26,,1,0.03846153989,5,0,0,0.1923076957
"Caught inside holowaves with holofans and surfboard
#holosurf #holosurfing #holofan #surfboard 
https://lnkd.in/g2_YgKmT",https://www.linkedin.com/feed/update/urn:li:activity:7038617106959003648,03/06/2023,36,,0,0,3,0,1,0.08333333582
"Holosurfing in the morning, its dawn patrol with the holowaves
#holosurfing #holosurf #holowave #holofan #surfboard 
https://lnkd.in/gmZb4nJe",https://www.linkedin.com/feed/update/urn:li:activity:7038217787923734528,03/05/2023,48,,2,0.04166666791,4,0,2,0.1458333284
"Holosurfing setup with holofans behind showing waves and surfboard in front
#holosurfing #holosurf #surfboard #holofan
https://lnkd.in/dEfYSskp",https://www.linkedin.com/feed/update/urn:li:activity:7036831935817523201,03/01/2023,38,,3,0.07894736528,3,0,2,0.184210524
"Wave power attenuator fitted for storm water drain
#wavepower #waveenergy #stormwater #drains #attenuator
https://lnkd.in/gBVh2eHu",https://www.linkedin.com/feed/update/urn:li:activity:7036439415916818432,02/28/2023,72,,4,0.05555555597,4,0,1,0.1111111119
"Lets go holosurfing now: holofans with holowaves synched with surfboard movements.
#holosurf #holosurfing #holowaves #surfboard 
https://lnkd.in/gJwG-VGx",https://www.linkedin.com/feed/update/urn:li:activity:7036083436121448448,02/27/2023,40,,3,0.07500000298,3,0,1,0.150000006
"Synching the holofan waves with the surfboard moves for holosurfing
#holofan #holowave #holosurf #holosurfing #surfboard 
https://lnkd.in/gfR5Zq2n",https://www.linkedin.com/feed/update/urn:li:activity:7035031377825714176,02/24/2023,42,,2,0.04761904851,3,0,1,0.1190476194
"Surfing the holowaves with surfboard and holofans.
#holosurf #holosurfing #surfboard #holofans #holowaves
https://lnkd.in/gQ35AUpU",https://www.linkedin.com/feed/update/urn:li:activity:7033876155397013504,02/21/2023,36,,1,0.02777777798,4,0,1,0.1388888955
"Outdoor living with wave power. Attenuators for wave energy fitted for swimming pool, hot tub, fountain, downpipe and rooftop gutter.",https://www.linkedin.com/feed/update/urn:li:activity:7033544980270911488,02/20/2023,45,,1,0.02222222276,4,0,1,0.1111111119
"This video shows holosurfing in development
#holosurf #holosurfing #holofan #surfboard 
https://lnkd.in/ggQDnUx9",https://www.linkedin.com/feed/update/urn:li:activity:7033165792653316096,02/19/2023,41,,5,0.1219512224,3,0,2,0.2195121944
"Rooftop gutter Oscillating Water Column (OWC)
#rooftop #gutters #owc #oscillating #waveenergy #wavepower ",https://www.linkedin.com/feed/update/urn:li:activity:7032116244564623360,02/16/2023,79,,2,0.02531645633,5,0,1,0.08860759437
"Up close with holosurfing
#holosurf #holosurfing #surfboard #holofan
https://lnkd.in/gqvPhfdY",https://www.linkedin.com/feed/update/urn:li:activity:7031738256232771584,02/15/2023,37,,3,0.08108107746,3,0,0,0.1351351291
"Holosurfing going through prototyping
#holosurfing #holosurf #surfboard #holofan
https://lnkd.in/g_Hbj5VD",https://www.linkedin.com/feed/update/urn:li:activity:7031359237410758656,02/14/2023,72,,5,0.06944444776,5,0,2,0.1527777761
"Holofan system demonstrating wave energy attenuator
#holofan #wavepower #waveenergy #attenuator
https://lnkd.in/gghRsRJP",https://www.linkedin.com/feed/update/urn:li:activity:7025693253899341826,01/30/2023,86,,4,0.04651162773,5,0,1,0.1046511605
"Holo wave power
Wave energy attenuator demonstrated with a holofan array.
#holofan #waveenergy #wavepower #attenuator
https://lnkd.in/ghibufXP",https://www.linkedin.com/feed/update/urn:li:activity:7025355475734958080,01/29/2023,61,,2,0.03278688341,4,0,1,0.09836065769
"Holofans showing wave energy. 3 rows and 3 columns of holofans. Bottom 3 holofans show waves. Middle 3 holofans show attenuator moving from waves. Top 3 holofans show electricity generated from attenuators.
#wavepower #waveenergy #holofan #attenuator #hologram 
https://lnkd.in/gZvPvKPT",https://www.linkedin.com/feed/update/urn:li:activity:7025189895497281537,01/28/2023,65,,3,0.04615384713,4,0,2,0.1230769232
"Wave power attenuator for a waterbed
#wavepower #waveenergy #attenuator #waterbed
https://lnkd.in/gt4pHMvt",https://www.linkedin.com/feed/update/urn:li:activity:7023112781612683264,01/23/2023,90,,8,0.08888889104,3,0,1,0.1222222224
"Oscillating Water Column (OWC) fitted for a bathroom basin for generating electricity
#wavepower #waveenergy #basin #bathrooms ",https://www.linkedin.com/feed/update/urn:li:activity:7013623354586800128,12/27/2022,132,,2,0.0151515156,8,0,0,0.06818182021
"Wave power attenuator fitted for toilet cistern
#wavepower #waveenergy #toilet #cistern #attenuator
https://lnkd.in/gM9d3Y4Q",https://www.linkedin.com/feed/update/urn:li:activity:7012118617437716480,12/23/2022,72,,2,0.02777777798,4,0,1,0.08333333582
"Oscillating Water Columns (OWCs) fitted for the bathroom
#oscillating #owc #waveenergy #wavepower #bathrooms ",https://www.linkedin.com/feed/update/urn:li:activity:7011068380254281728,12/20/2022,68,,0,0,5,0,1,0.07352941483
"Energy capture from a bathtub
#wavepower #waveenergy #bathtub 
https://lnkd.in/gayJBDCH
",https://www.linkedin.com/feed/update/urn:li:activity:7009356949448245248,12/16/2022,90,,3,0.03333333507,5,0,0,0.07777778059
"When cooking with a pot the water moves. This moving water can be used to generate electricity. An Oscillating Water Column (OWC) can be adapted.
#owc #oscillating #pot #wavepower #waveenergy ",https://www.linkedin.com/feed/update/urn:li:activity:7009300617550594048,12/15/2022,69,,0,0,4,0,1,0.05797101557
"Energy is in already moving water
#energy #water 
https://lnkd.in/gsw25mkH",https://www.linkedin.com/feed/update/urn:li:activity:7009046923651297280,12/15/2022,80,,4,0.05000000075,4,0,0,0.08749999851
"Electricity can be extracted from already moving water in the garden. This video shows designs for Wave Energy Converters (WECs) adapted for fishponds and fountains.
#wavepower #waveenergy #ornamental #garden #fishpond #fountain 
https://lnkd.in/gaVF7s6f",https://www.linkedin.com/feed/update/urn:li:activity:7008546163909947392,12/13/2022,47,,2,0.04255319014,4,0,0,0.1063829809
"Kitchen setting Oscillating Water Columns (OWCs)
#kitchen #wavepower #waveenergy #oscillating #owc ",https://www.linkedin.com/feed/update/urn:li:activity:7008243157217812480,12/13/2022,61,,1,0.01639344171,4,0,0,0.06557376683
"Energy can be captured and converted from everyday activities in the kitchen. This video shows a variety of Wave Energy Converter (WEC) designs adapted to harvest sustainable energy from kitchen activities.
#kitchen #sustainableenergy
#wavepower #waveenergy 
https://lnkd.in/gx8U58tv",https://www.linkedin.com/feed/update/urn:li:activity:7008152054485463040,12/12/2022,71,,3,0.04225352034,5,0,1,0.1126760542
"Wave power adaptations for pots on stoves
Different types of Wave Energy Converters (WECs) adapted.
#owc #oscillating #attenuator #wavepower #waveenergy #pots #stove 
https://lnkd.in/gnNFwwAi",https://www.linkedin.com/feed/update/urn:li:activity:7007809185325215744,12/11/2022,57,,2,0.03508771956,4,0,0,0.0877192989
"Wave power on your stove top.
A video showing a design for a pot on a stove with a wave energy attenuator.
#wavepower #waveenergy #stove #pot #attenuator
https://lnkd.in/gzr8yFP5",https://www.linkedin.com/feed/update/urn:li:activity:7007429963775713280,12/10/2022,39,,2,0.05128205195,3,0,0,0.1025641039
"Wave Energy Converters (WECs) adapted for kettles. This video shows designs of kettles with attenuators and Oscillating Water Columns (OWCs).
#waveenergy #wavepower #kettle #attenuator #oscillating #owc 
https://lnkd.in/gTZMDUgh",https://www.linkedin.com/feed/update/urn:li:activity:7007117099739332608,12/09/2022,64,,2,0.03125,4,0,1,0.09375
"Wave energy adapted toilet. Oscillating Water Column (OWC) fitted for a toilet cistern.
#cistern #toilet #oscillating #waveenergy #wavepower #owc 
",https://www.linkedin.com/feed/update/urn:li:activity:7006849240643624960,12/09/2022,47,,2,0.04255319014,3,0,0,0.08510638028
"Adapting Wave Energy Converters (WECs) for water pipes
#waveenergy #wavepower #waterpipe #pipeline 
https://lnkd.in/g3VHqnrC",https://www.linkedin.com/feed/update/urn:li:activity:7006708921390297088,12/08/2022,30,,3,0.1000000015,3,0,0,0.1666666716
"Oscillating Water Columns (OWCs) generate electricity and this video shows adaptations for pots, kettles, kitchens and water pipes.
#oscillating #owc #wavepower #waveenergy #pot #kettle #kitchen #waterpipe 
https://lnkd.in/gnUgzFtx ",https://www.linkedin.com/feed/update/urn:li:activity:7006329471913906176,12/07/2022,50,,2,0.03999999911,4,0,0,0.1000000015
"Kettle adapted with Oscillating Water Column (OWC)
#kettle #oscillating #wavepower #waveenergy ",https://www.linkedin.com/feed/update/urn:li:activity:7006112239854206976,12/07/2022,42,,0,0,3,0,1,0.07142857462
"Wave power attenuator in a kettle
#wavepower #waveenergy #attenuator #kettle 
https://lnkd.in/gjcbjDR3",https://www.linkedin.com/feed/update/urn:li:activity:7005966836156559360,12/06/2022,34,,3,0.08823529631,4,0,0,0.1764705926
"A variety of fish tank designs with Wave Energy Converters (WECs)
#wavepower #waveenergy #fishtank #oscillating #attenuator
https://lnkd.in/gUykYT8H",https://www.linkedin.com/feed/update/urn:li:activity:7005597538019917824,12/05/2022,55,,2,0.03636363521,5,0,1,0.1272727251
"Kitchen sink & dishwasher attenuators and Oscillating Water Columns (OWCs) for kitchen wave energy
#kitchen #kitchensink #dishwasher #attenuator #oscillating #wavepower #waveenergy 
https://lnkd.in/g2hhdiJF",https://www.linkedin.com/feed/update/urn:li:activity:7005248974278311936,12/04/2022,59,,2,0.03389830515,5,0,1,0.1186440662
"Generating electricity from moving water in pipes by adapting wave power attenuators
#attenuator #wavepower #waveenergy #waterpipe 
https://lnkd.in/g428RDjV",https://www.linkedin.com/feed/update/urn:li:activity:7004887213264035840,12/03/2022,46,,2,0.04347826168,4,0,0,0.1086956486
"Wave power in the bathroom
#waveenergy #wavepower #bathroom 
https://lnkd.in/gFbDURcN",https://www.linkedin.com/feed/update/urn:li:activity:7004537936419454976,12/02/2022,47,,2,0.04255319014,3,0,0,0.08510638028
"Attenuators & Oscillating Water Columns (OWCs) for outdoor living
#attenuator #oscillating #owc #outdoorliving #wavepower #waveenergy 
https://lnkd.in/dZ_T-_54",https://www.linkedin.com/feed/update/urn:li:activity:7004169774184198144,12/01/2022,50,,3,0.05999999866,4,0,0,0.1199999973
"Bathroom basin wave power attenuator
#waveenergy #wavepower #bathroom #basin #attenuator
https://lnkd.in/gRtbts6r",https://www.linkedin.com/feed/update/urn:li:activity:7003779667119792128,11/30/2022,57,,3,0.05263157934,3,0,0,0.0877192989
"Kitchen sink wave power with attenuator & Oscillating Water Column
#kitchen #sink #wavepower #waveenergy #attenuator #oscillating
https://lnkd.in/gKYbAqKB",https://www.linkedin.com/feed/update/urn:li:activity:7003438892540452864,11/29/2022,48,,2,0.04166666791,4,0,0,0.1041666642
"Multimeter measuring electricity output from an Oscillating Water Column (OWC) in a dishwasher
#multimeter #oscillating #dishwasher #waveenergy #wavepower
",https://www.linkedin.com/feed/update/urn:li:activity:7003164709944209408,11/29/2022,57,,2,0.03508771956,4,0,1,0.1052631587
"Fountains with Wave Energy Converters (WECs)
Sourcing alternative energy from water moving in human made systems such as fountains. This video shows an Oscillating Water Column (OWC) and an attenuator in fountains.
#sustainableenergy #alternativeenergy #wavepower #waveenergy #oscillating #attenuator #fountain 
https://lnkd.in/g6jFCrat",https://www.linkedin.com/feed/update/urn:li:activity:7003085127010459648,11/28/2022,36,,4,0.1111111119,3,0,0,0.1666666716
"Oscillating Water Column (OWC) producing renewable energy from S bend pipe
#oscillating #wavepower #waveenergy #pipes 
",https://www.linkedin.com/feed/update/urn:li:activity:7002858521100775424,11/28/2022,48,,0,0,3,0,0,0.04166666791
"Dishwasher, fish tank and washing machine renewable energy with Oscillating Water Columns (OWCs)
#dishwasher #fishtank #washingmachine #oscillating #wavepower #waveenergy 
https://lnkd.in/guJ9vZMY ",https://www.linkedin.com/feed/update/urn:li:activity:7002718961570123776,11/27/2022,61,,2,0.03278688341,4,0,0,0.08196721226
"Generating renewable energy in a fish tank with a wave power attenuator.
 #renewableenergy #wavepower #waveenergy #attenuator #fishtank 
https://lnkd.in/gaJYdiNj",https://www.linkedin.com/feed/update/urn:li:activity:7002314822478422016,11/26/2022,47,,3,0.06382978708,3,0,1,0.1276595742
"Generating renewable energy at home with Oscillating Water Columns (OWCs). This video shows OWCs in bathroom basin, bathtub, kitchen sink and laundry tub.
#wavepower #waveenergy #oscillating #bathroom #basin #bathtub #kitchensink #laundrytub
https://lnkd.in/geJmKngz",https://www.linkedin.com/feed/update/urn:li:activity:7001965173234171904,11/25/2022,28,,2,0.07142857462,3,0,0,0.1428571492
"Design for an Oscillating Water Column (OWC) to generate electricity inside a washing machine.
#oscillating #wavepower #waveenergy #washingmachine 
",https://www.linkedin.com/feed/update/urn:li:activity:7001686835500384256,11/24/2022,43,,2,0.04651162773,3,0,2,0.1395348907
"Generating renewable electricity from your outdoor lifestyle.
Wave energy attenuators fitted for fish pond, hot tub and swimming pool.
#wavepower #waveenergy #attenuator #fishpond #hottub #swimmingpool #renewableenergy 
https://lnkd.in/g_fWu9Vn",https://www.linkedin.com/feed/update/urn:li:activity:7001611140841570305,11/24/2022,38,,2,0.05263157934,3,0,1,0.1315789521
"Wave power in a laundry tub with an Oscillating Water Column (OWC)
#wavepower #waveenergy #oscillating #laundry #tub 
",https://www.linkedin.com/feed/update/urn:li:activity:7001317461291651072,11/23/2022,57,,0,0,6,0,1,0.1052631587
"Wave power in a fish tank with an Oscillating Water Column (OWC)
#wavepower #waveenergy #oscillating #owc #fishtank 
https://lnkd.in/gqC-XTta",https://www.linkedin.com/feed/update/urn:li:activity:7001242264794529792,11/23/2022,43,,3,0.06976744533,4,0,1,0.1627907008
"Wave Energy Converters (WECs) in bathroom basin, bathtub and toilet cistern
#wavepower #waveenergy #bathroom #basin #bathtub #toiletcistern
https://lnkd.in/dMbkdvfb",https://www.linkedin.com/feed/update/urn:li:activity:7000884924312399872,11/22/2022,46,,5,0.1086956486,3,0,0,0.1521739066
"Wave energy in a kitchen sink with an Oscillating Water Column (OWC)
#waveenergy #wavepower #oscillating #kitchensink ",https://www.linkedin.com/feed/update/urn:li:activity:7000742081954541568,11/22/2022,40,,1,0.02500000037,3,0,1,0.1000000015
"Wave energy attenuator in laundry tub
#waveenergy #wavepower #attenuator #laundrytub
https://lnkd.in/gK5Wtj5Q",https://www.linkedin.com/feed/update/urn:li:activity:7000533965115719680,11/21/2022,46,,4,0.08695652336,3,0,1,0.1521739066
"Bathtub wave power with an Oscillating Water Column (OWC)
#bathtub #wavepower #waveenergy #oscillating #renewableenergy 
",https://www.linkedin.com/feed/update/urn:li:activity:7000234736145100800,11/20/2022,59,,3,0.05084745586,3,0,1,0.1016949117
"Wave power attenuator in a kitchen sink
#wavepower #waveenergy #kitchensink #attenuator
https://lnkd.in/gT4VMzy9",https://www.linkedin.com/feed/update/urn:li:activity:7000187648355024896,11/20/2022,47,,3,0.06382978708,3,0,0,0.1063829809
"Wave energy attenuator in a fish pond
#wavepower #waveenergy #fishpond #attenuator
https://lnkd.in/gPwU7E_K",https://www.linkedin.com/feed/update/urn:li:activity:6999794811188781056,11/19/2022,43,,4,0.09302325547,3,0,2,0.1860465109
"Hot tub with Oscillating Water Column (OWC)
#hottub #jacuzzi #spabath #wavepower #waveenergy #oscillating",https://www.linkedin.com/feed/update/urn:li:activity:6999621879703506944,11/19/2022,43,,4,0.09302325547,5,0,1,0.2093023211
"Wave power attenuator in a fountain
#wavepower #waveenergy #fountain #attenuator
https://lnkd.in/g4huM9AU",https://www.linkedin.com/feed/update/urn:li:activity:6999455377280962560,11/18/2022,28,,3,0.1071428582,3,0,0,0.1785714328
"Wave energy from garden & outdoor living. Oscillating Water Columns (OWCs) for fish pond, fountain, hot tub and swimming pool.
#wavepower #waveenergy #renewableenergy #oscillating #garden #outdoorliving #fishpond #fountain #hottub #swimmingpool 
https://lnkd.in/g5BexydH",https://www.linkedin.com/feed/update/urn:li:activity:6999095620682616832,11/17/2022,26,,3,0.115384616,3,0,1,0.2307692319
"Wave energy attenuator in a hot tub
#waveenergy #wavepower #attenuator #hottub 
https://lnkd.in/gRiHPMBz",https://www.linkedin.com/feed/update/urn:li:activity:6998743993144537088,11/16/2022,59,,2,0.03389830515,4,0,2,0.1186440662
"Swimming pool wave power attenuator
#swimmingpool #attenuator #wavepower #waveenergy 
https://lnkd.in/gWpnPPPh",https://www.linkedin.com/feed/update/urn:li:activity:6998365864043442176,11/15/2022,46,,1,0.02173913084,4,0,1,0.1086956486
"Fountain with an Oscillating Water Column (OWC)
#fountain #oscillating #wavepower #waveenergy ",https://www.linkedin.com/feed/update/urn:li:activity:6998168109454934016,11/15/2022,31,,0,0,3,0,2,0.1290322542
"Wave energy attenuator in swimming pool
#wavepower #waveenergy #attenuator #swimmingpool 
https://lnkd.in/gWm4wc23",https://www.linkedin.com/feed/update/urn:li:activity:6998014296794300416,11/14/2022,32,,3,0.09375,3,0,0,0.15625
"Outdoor living wave power with Oscillating Water Columns (OWCs) in fish ponds, fountains, hot tubs and swimming pools.
#outdoorliving #garden #oscillating #wavepower #waveenergy #fishpond #fountain #hottub #swimmingpool #renewableenergy 
https://lnkd.in/gv9QkQ4G",https://www.linkedin.com/feed/update/urn:li:activity:6997643412124442624,11/13/2022,69,,4,0.05797101557,3,0,1,0.1014492735
"Fish pond wave power with an Oscillating Water Column (OWC)
#fishpond #wavepower #waveenergy #oscillating
https://lnkd.in/gQxenbmU",https://www.linkedin.com/feed/update/urn:li:activity:6997267202550743040,11/12/2022,39,,1,0.02564102598,3,0,1,0.1025641039
"Swimming pool with Oscillating Water Column (OWC) for wave energy.
#swimmingpool #oscillating #wavepower #waveenergy #renewableenergy ",https://www.linkedin.com/feed/update/urn:li:activity:6996923044019515392,11/11/2022,117,,1,0.008547008969,6,0,2,0.06837607175
"Wave energy attenuator in kitchen sink
#wavepower #waveenergy #kitchen #sink #attenuator
https://lnkd.in/dJDsYHTq",https://www.linkedin.com/feed/update/urn:li:activity:6996901465885675521,11/11/2022,49,,4,0.08163265139,4,0,0,0.1428571492
"Vesselless Cargo island
#vesselless #cargo #island 
https://lnkd.in/gyKcN4Gp",https://www.linkedin.com/feed/update/urn:li:activity:6996551255166779392,11/10/2022,33,,2,0.06060606241,5,0,1,0.2121212184
"Propeller array made with AutoCAD for Vesselless Cargo
#propeller #array #autocad #vesselless #cargo 
https://lnkd.in/gydED_T7",https://www.linkedin.com/feed/update/urn:li:activity:6996199615523934208,11/09/2022,43,,2,0.04651162773,5,0,0,0.1395348907
"SketchUp design of kitchen sink Oscillating Water Column (OWC)
#sketchup #kitchensink #oscillating #wavepower #waveenergy 
https://lnkd.in/gtDtDrV2",https://www.linkedin.com/feed/update/urn:li:activity:6995850901773062144,11/08/2022,49,,2,0.04081632569,5,0,0,0.1224489808
"Wave energy point absorber in bathroom basin designed with SolidWorks
#waveenergy #wavepower #pointabsorber #bathroom #basin #solidworks 
https://lnkd.in/g76QpXfU",https://www.linkedin.com/feed/update/urn:li:activity:6995463734915731456,11/07/2022,43,,0,0,3,0,0,0.04651162773
"SketchUp design of V-Ray Frame Buffer
#sketchup #vray #whirlpool

https://lnkd.in/gyzn-Hqz",https://www.linkedin.com/feed/update/urn:li:activity:6995100050569801728,11/06/2022,36,,2,0.05555555597,3,0,0,0.1111111119
"Wave energy attenuator made with AutoCAD, Blender, SketchUp and SolidWorks
#waveenergy #wavepower #bathtub #attenuator #autocad #blender #sketchup #solidworks 
https://lnkd.in/gx-tN-k6",https://www.linkedin.com/feed/update/urn:li:activity:6994748348930949120,11/05/2022,41,,1,0.02439024299,5,0,0,0.1219512224
"Tension in Research & Development (R&D) budgets are due to two different perspectives. The short term vs long term pull budgets in opposite directions.
Technology Readiness Blocks (TRBs) make the steps in technology development transparent and are a way to bring the two perspectives onto the same page.
#technologydevelopment #researchdevelopment #budget
https://lnkd.in/giwSyuuZ",https://www.linkedin.com/feed/update/urn:li:activity:6994377410423009280,11/04/2022,24,,1,0.04166666791,3,0,0,0.125
"Video of SketchUp design for water shaping in a tank with a propeller
#sketchup #propeller #watertank #watershaping
https://lnkd.in/guP6BGjR",https://www.linkedin.com/feed/update/urn:li:activity:6994005964391690240,11/03/2022,36,,3,0.08333333582,3,0,0,0.1388888955
"Wave energy attenuator for a bathtub made with SketchUp
#waveenergy #wavepower #attenuator #bathtub #sketchup 
https://lnkd.in/gzM-W7gt",https://www.linkedin.com/feed/update/urn:li:activity:6993672832639533056,11/02/2022,43,,2,0.04651162773,3,0,0,0.09302325547
"Surf bath wave maker designed using Blender
#surfbath #surfpool #wavemaker #blender 
https://lnkd.in/g7f83wZk",https://www.linkedin.com/feed/update/urn:li:activity:6993297268435034112,11/01/2022,29,,2,0.06896551698,4,0,0,0.1724137962
"Blender designed propeller array for Vesselless Cargo
#blender #vesselless #cargo #propeller #array 
https://lnkd.in/gw6u6kV7",https://www.linkedin.com/feed/update/urn:li:activity:6992911885582962688,10/31/2022,42,,3,0.07142857462,3,0,0,0.1190476194
"AutoCAD design for wave power attenuator in a bathtub
#autocad #wavepower #waveenergy #attenuator #bathtub 
https://lnkd.in/gjmxrBmn",https://www.linkedin.com/feed/update/urn:li:activity:6992580513173561344,10/30/2022,69,,4,0.05797101557,7,0,0,0.1594202965
"Moving designs to physical prototype of wave power attenuator
#blender3d #solidworks #prototype #bathtub #wavepower #waveenergy 
https://lnkd.in/gSREwk-e",https://www.linkedin.com/feed/update/urn:li:activity:6992204867087847424,10/29/2022,65,,2,0.0307692308,5,0,1,0.09230769426
"Bathtub attenuator converts moving water in the bath into electricity. This video compares SolidWorks design with a physcial prototype.
#bathtub #attenuator #wavepower #waveenergy #solidworks #prototype 
https://lnkd.in/gwFWPSDU",https://www.linkedin.com/feed/update/urn:li:activity:6991828735075237888,10/28/2022,46,,1,0.02173913084,3,0,0,0.06521739066
"Comparing Blender & SolidWorks designs of bathtub attenuators - this comparison shows this type of Wave Energy Converter (WEC) in a bath
#blender3d #solidworks #attenuator #bathtub #waveenergy #wavepower
https://lnkd.in/gtctuPCM",https://www.linkedin.com/feed/update/urn:li:activity:6991484869528731648,10/27/2022,32,,2,0.0625,3,0,0,0.125
"SolidWorks design of a wave energy attenuator in a bathtub
#wavepower #waveenergy #solidworks #attenuator #bathtub 
https://lnkd.in/gviSdvQd",https://www.linkedin.com/feed/update/urn:li:activity:6991128370537267200,10/26/2022,47,,5,0.1063829809,4,0,0,0.1702127606
"Blender design of a wave energy point absorber
#blender #wavepower #waveenergy #pointabsorber
https://lnkd.in/gttCJ-cc",https://www.linkedin.com/feed/update/urn:li:activity:6990744358287273984,10/25/2022,53,,3,0.05660377443,4,0,0,0.1132075489
"Blender vs SolidWorks designs of Oscillating Water Column (OWC) - a device to generate wave power
#blender3d #solidworks #wavepower #waveenergy 
https://lnkd.in/gr-fC4wE",https://www.linkedin.com/feed/update/urn:li:activity:6990381649217687553,10/24/2022,39,,2,0.05128205195,3,0,0,0.1025641039
"How holofans and motors beneath a surfboard are synchronised for holosurfing experiences
#holofan #surfboard #holosurfing
https://lnkd.in/gMau9w88
",https://www.linkedin.com/feed/update/urn:li:activity:6990039625016778752,10/23/2022,39,,3,0.07692307979,4,0,0,0.1538461596
"Making waves remotely
#remoteaccess #watershaping #wavemaker ",https://www.linkedin.com/feed/update/urn:li:activity:6989851035431313408,10/23/2022,115,3,3,0.02608695626,6,0,1,0.07826086879
"How to position holofans for waves
#holofans #waves 
https://lnkd.in/gim2Ty7J",https://www.linkedin.com/feed/update/urn:li:activity:6989671412298903552,10/22/2022,41,,2,0.04878048599,4,0,0,0.1219512224
"Wave tanks study waves. This video shows a Blender design of wave making.
#blender3d #wavemaker 
https://lnkd.in/gefbVFYW",https://www.linkedin.com/feed/update/urn:li:activity:6989298685025165313,10/21/2022,39,,1,0.02564102598,3,0,0,0.07692307979
"Propellers used for water shaping in swimming pool
#propeller #watershaping #swimmingpool 
https://lnkd.in/g_pYDrpu",https://www.linkedin.com/feed/update/urn:li:activity:6988946683321626624,10/20/2022,26,,2,0.07692307979,3,0,0,0.1538461596
"An Oscillating Water Column (OWC) is a type of Wave Energy Converter (WEC). This video shows OWC designed using Blender.
#blender3d #waveenergy #wavepower
https://lnkd.in/gwUybGqB",https://www.linkedin.com/feed/update/urn:li:activity:6988608607923699712,10/19/2022,48,,1,0.02083333395,4,0,0,0.08333333582
"Blender model of water flowing inside pipe
#blender3d #waterflow #pipes 
https://lnkd.in/g76QK9hS",https://www.linkedin.com/feed/update/urn:li:activity:6988218132670660608,10/18/2022,55,,8,0.1454545408,5,0,0,0.2181818187
"Transformation of Wave Energy Converters (WECs) - point absorber morphing into inverted pendulum
#transformation #waveenergy #wavepower
https://lnkd.in/gqt_7Jq4",https://www.linkedin.com/feed/update/urn:li:activity:6987860993473204225,10/17/2022,47,,2,0.04255319014,3,0,0,0.08510638028
"Coastal Vesselless Cargo - positioning water shaping equipment on the shoreline
#coastal #shoreline #vesselless #cargo 
https://lnkd.in/g9dXnh_A",https://www.linkedin.com/feed/update/urn:li:activity:6987489958462722048,10/16/2022,43,,2,0.04651162773,3,0,0,0.09302325547
"How holofan wave tank works
#holofan #hologram #waves #wavetank",https://www.linkedin.com/feed/update/urn:li:activity:6987320112613642240,10/16/2022,116,10,3,0.0258620698,6,0,1,0.07758620381
"Canals for Vesselless Cargo designed using SketchUp
#canal #vesselless #cargo #sketchup 
https://lnkd.in/ghsdGGXi",https://www.linkedin.com/feed/update/urn:li:activity:6987116640492535808,10/15/2022,35,,2,0.05714285746,3,0,0,0.1142857149
"Blender vs physical prototype - comparing wave power attenuators
#blender #prototype #attenuator #wavepower #waveenergy 
https://lnkd.in/gnw88GVr",https://www.linkedin.com/feed/update/urn:li:activity:6986740042010419200,10/14/2022,59,,2,0.03389830515,5,0,0,0.1016949117
"Blender design of wave power attenuator for a bathtub
#blender3d #wavepower #waveenergy #attenuator #bathtub 
https://lnkd.in/gMMbDWwT",https://www.linkedin.com/feed/update/urn:li:activity:6986437732252229632,10/13/2022,35,,0,0,3,0,0,0.05714285746
"Using water movement in your bathroom to generate renewable electricity
#bathroom #wavepower #waveenergy 
https://lnkd.in/gQhbVBNV",https://www.linkedin.com/feed/update/urn:li:activity:6986094945338085376,10/12/2022,37,,1,0.02702702768,4,0,1,0.1351351291
"An Oscillating Water Column (OWC) is a type of Wave Energy Converter (WEC). This video shows an OWC designed using SolidWorks.
#solidworks #wavepower #waveenergy #oscillating
https://lnkd.in/gx5rxEM6",https://www.linkedin.com/feed/update/urn:li:activity:6985705582657761280,10/11/2022,44,,0,0,5,0,0,0.09090909362
"Water shaping equipment positioned using SketchUp for Vesselless Cargo
#sketchup #watershaping #vesselless #cargo 
https://lnkd.in/ghCRrFtA",https://www.linkedin.com/feed/update/urn:li:activity:6985339545739309056,10/10/2022,30,,2,0.06666667014,4,0,0,0.1666666716
"SketchUp design of Vesselless Cargo with propeller array
#sketchup #vesselless #cargo #propeller 
https://lnkd.in/gQsjpWDh",https://www.linkedin.com/feed/update/urn:li:activity:6984987258525278208,10/09/2022,36,,1,0.02777777798,3,0,0,0.08333333582
"ANSYS wave simulation
#ansys #waves #simulation 
https://lnkd.in/gFgt5KWr",https://www.linkedin.com/feed/update/urn:li:activity:6984649995320799233,10/08/2022,43,,3,0.06976744533,4,0,0,0.1395348907
"A Point Absorber is a type of Wave Energy Converter (WEC). This video shows one designed using SolidWorks.
#solidworks #pointabsorber #wavepower #waveenergy 
https://lnkd.in/g39sKnB7",https://www.linkedin.com/feed/update/urn:li:activity:6984253754996920320,10/07/2022,53,,4,0.07547169924,4,0,0,0.1320754737
"Vesselless Cargo uses water shaping equipment for logistics
#vesselless #cargo #watershaping #logistics 
https://lnkd.in/egU47iek",https://www.linkedin.com/feed/update/urn:li:activity:6983864353926053889,10/06/2022,47,,1,0.02127659507,5,0,0,0.1063829809
"SolidWorks design for Vesselless Cargo
#solidworks #vesselless #cargo 
https://lnkd.in/gP95aXcP",https://www.linkedin.com/feed/update/urn:li:activity:6983515822455480320,10/05/2022,36,,0,0,3,0,0,0.05555555597
"Untapped energy in your home
#renewableenergy #homemade #waveenergy #wavepower #bathroom #laundry 
https://lnkd.in/gppd7n3K",https://www.linkedin.com/feed/update/urn:li:activity:6983175535673696256,10/04/2022,57,,3,0.05263157934,3,0,0,0.0877192989
"Your bathroom is energy rich.
Wave Energy Converters (WECs) can be adapted for bathtubs, basins and toilet cisterns.
#energyrich #waveenergy #wavepower #renewableenergy #toilet #bathtub #basin #bathroom 
https://lnkd.in/gM4XneaT",https://www.linkedin.com/feed/update/urn:li:activity:6982789361599741952,10/03/2022,60,,4,0.06666667014,4,0,0,0.1166666672
"How you can generate electricity in a laundry tub
#renewableenergy #wavepower #waveenergy #laundry 
https://lnkd.in/gMcQVWUS",https://www.linkedin.com/feed/update/urn:li:activity:6982449401172553728,10/02/2022,74,,2,0.02702702768,4,0,1,0.08108107746
"Vesselless Cargo
Logistics using water shaping technologies.
#vesselless #cargo #logistics #watershaping",https://www.linkedin.com/feed/update/urn:li:activity:6982240360395665408,10/02/2022,144,8,4,0.02777777798,8,0,1,0.08333333582
"The power of washing your hands ........... bathroom basin wave energy
#renewableenergy #waveenergy #wavepower #bathroom #basin 
https://lnkd.in/gB3XRC_9",https://www.linkedin.com/feed/update/urn:li:activity:6982063104977223680,10/01/2022,82,,5,0.06097561121,5,0,0,0.1097560972
"Fish tanks with Oscillating Water Columns (OWCs) for generating electricity via wave power.
#fishtank #oscillating #wavepower #waveenergy #renewableenergy 
https://lnkd.in/g_6xgGJD",https://www.linkedin.com/feed/update/urn:li:activity:6981723636244123648,09/30/2022,85,,2,0.02352941222,4,0,0,0.05882352963
"Wave power goes to the toilet
#wavepower #waveenergy #renewableenergy #toilet 
https://lnkd.in/gNSBA7_r",https://www.linkedin.com/feed/update/urn:li:activity:6981351187333726208,09/29/2022,81,,3,0.03703703731,4,0,1,0.08641975373
"Vesselless Cargo island to port
#vesselless #cargo 
https://lnkd.in/gHHfsnwc",https://www.linkedin.com/feed/update/urn:li:activity:6980991802669486081,09/28/2022,54,,2,0.03703703731,5,0,0,0.1111111119
"Its bath time for wave energy
#bathtime #bathtub #wavepower #waveenergy #renewableenergy 
https://lnkd.in/g4_sw4Pq",https://www.linkedin.com/feed/update/urn:li:activity:6980578846987227136,09/27/2022,55,,1,0.01818181761,3,0,1,0.07272727042
"Oscillating Water Column (OWC) for generating electricity in a bathroom basin
#oscillating #wavepower #waveenergy #renewableenergy #bathroom #basin 
https://lnkd.in/g_KiPD92
",https://www.linkedin.com/feed/update/urn:li:activity:6980250080394039296,09/26/2022,76,,4,0.05263157934,4,0,0,0.09210526198
"Wave Energy Converters in the laundry tub, toilet cistern, bathroom basin, fish tank and bathtub. This video demonstrated how wave power can be generated in multiple locations throughout the home. Multimeters record electricity produced at each position.
#waveenergy #wavepower #renewableenergy #homemade #household 
https://lnkd.in/gesHkUVy",https://www.linkedin.com/feed/update/urn:li:activity:6979910655222984704,09/25/2022,76,,4,0.05263157934,5,1,1,0.1184210554
"Water Shaping Depollution
#watershaping #depollution #waterpollution ",https://www.linkedin.com/feed/update/urn:li:activity:6979699412776210432,09/25/2022,100,12,3,0.02999999933,4,0,1,0.0700000003
"SketchUp design for cloud computer connected water shaping depollution
#sketchup #depollution #watershaping #cloudcomputing 
https://lnkd.in/gwzPe2Y4",https://www.linkedin.com/feed/update/urn:li:activity:6979532737070198784,09/24/2022,42,,5,0.1190476194,6,0,0,0.2142857164
"Using a recycled bottle cap as a propeller for water shaping
#recycle #bottlecap #propeller #watershaping
https://lnkd.in/gdvkqKP8",https://www.linkedin.com/feed/update/urn:li:activity:6979172642775859200,09/23/2022,41,,2,0.04878048599,5,0,0,0.146341458
"Inside a Wave Energy Converter (WEC) for a bathtub.
This wave energy device has an external architecture like a wave power attenuator. Inside a coil and magnet setup utilizes the bath wave movement to generate electricity.
#renewableenergy #wavepower #waveenergy #coilandmagnet #attenuator #bathtub 
https://lnkd.in/d3xgDGNg",https://www.linkedin.com/feed/update/urn:li:activity:6978816612669771777,09/22/2022,58,,1,0.01724137925,5,0,2,0.1206896529
"Wave making at a distance
#remoteaccess #wavemaker #watershaping",https://www.linkedin.com/feed/update/urn:li:activity:6978515148181258240,09/22/2022,48,,3,0.0625,6,0,1,0.1875
"Moving objects through water using water shaping tech 
#waterjet #watershaping #vesselless #objectmovement
https://lnkd.in/dRpcUg9s",https://www.linkedin.com/feed/update/urn:li:activity:6978463319103799296,09/21/2022,50,,4,0.07999999821,3,0,0,0.1199999973
"Surfpools with series of water jets designed with SketchUp
#surfpool #waterjet #watershaping #sketchup
https://lnkd.in/gYnmUQrt",https://www.linkedin.com/feed/update/urn:li:activity:6978086913509376000,09/20/2022,40,,5,0.125,5,0,2,0.275000006
"Collective holosurfing designed with SketchUp. This setup includes connectivity with the cloud.
#sketchup #surfboard #holofan #holopool #holosurf #cloudcomputing 
https://lnkd.in/gDPMfA6K",https://www.linkedin.com/feed/update/urn:li:activity:6977711791992709120,09/19/2022,49,,3,0.0612244904,3,0,1,0.1224489808
"Water shaping equipment in pool connected to cloud, designed using SketchUp
#cloud #connected #pool #designed #sketchup #watershaping
https://lnkd.in/gSvRb5Jy",https://www.linkedin.com/feed/update/urn:li:activity:6977375278863978496,09/18/2022,49,,2,0.04081632569,5,0,1,0.1428571492
"Vesselless Cargo designed in SketchUp with cloud setup
#vesselless #cloud #cargo #sketchup 
https://lnkd.in/gTn4VFbg",https://www.linkedin.com/feed/update/urn:li:activity:6977004930402316288,09/17/2022,49,,2,0.04081632569,4,0,0,0.1020408198
"Wave energy powered house designed using SketchUp
#waveenergy #wavepower #sketchup #renewableenergy  #homemade 
https://lnkd.in/g_ENF8YG",https://www.linkedin.com/feed/update/urn:li:activity:6976653460096114688,09/16/2022,80,,4,0.05000000075,5,0,0,0.08749999851
"Shaping water at home, in the kitchen sink and laundry tub
#watershaping #kitchensink #laundrytub
https://lnkd.in/gBaJDKME",https://www.linkedin.com/feed/update/urn:li:activity:6976287360506347520,09/15/2022,58,,6,0.1034482792,5,0,0,0.1724137962
#fluid #infrastructure #renewableenergy #logistics #hydro #wavepower #waveenergy #vesselless #cargo,https://www.linkedin.com/feed/update/urn:li:activity:6976032647189852160,09/15/2022,191,27,9,0.0471204184,4,0,1,0.06806282699
"Propellers moving coastal Vesselless Cargo
#sketchup #coastal #vesselless #cargo #propeller 
https://lnkd.in/dC8rG_7F",https://www.linkedin.com/feed/update/urn:li:activity:6975929321710366720,09/14/2022,43,,3,0.06976744533,4,0,0,0.1395348907
"Water shaping equipment in pool designed using SketchUp
#watershaping #sketchup #pool 
https://lnkd.in/dtzMiRyE",https://www.linkedin.com/feed/update/urn:li:activity:6975553027579498496,09/13/2022,50,,4,0.07999999821,3,0,0,0.1199999973
Remote access water shaping #watershaping #remoteaccess #fishtank,https://www.linkedin.com/feed/update/urn:li:activity:6975338439785291776,09/13/2022,42,,1,0.02380952425,5,0,0,0.1190476194
"Vesselless Cargo moving between islands
#vesselless #cargo #islands #propeller 
https://lnkd.in/gCJydnnE",https://www.linkedin.com/feed/update/urn:li:activity:6975195413997916160,09/12/2022,35,,0,0,3,0,0,0.05714285746
"Wave power attenuator in bathtub with multimeter 
#wavepower #waveenergy #bathtub #renewableenergy #diy #homemade #attenuator #multimeter 
https://lnkd.in/g5xE6kKn",https://www.linkedin.com/feed/update/urn:li:activity:6974821380647268352,09/11/2022,58,,3,0.0517241396,3,0,0,0.08620689809
"Converting waves in bath to electricity using attenuator. The amount of electricity generated is shown by multimeter on the side.
#renewableenergy #wavepower #waveenergy #attenuator #multimeter #bathtub 
https://lnkd.in/g3YsapnV",https://www.linkedin.com/feed/update/urn:li:activity:6974446746982649856,09/10/2022,73,,6,0.08219178021,4,0,1,0.1369863003
"Bathtub attenuator converting waves to electricity
#bathtub #attenuator #wavepower #waveenergy #renewableenergy 
https://lnkd.in/gnCat5nq",https://www.linkedin.com/feed/update/urn:li:activity:6974116336398467072,09/09/2022,46,,3,0.06521739066,4,0,0,0.1304347813
"Wave energy attenuator producing electricity in bathtub. The multimeter to the side shows the electricity generated.
#wavepower #waveenergy #renewableenergy #attenuator #multimeter #bathtub 
https://lnkd.in/gsrBY6nA",https://www.linkedin.com/feed/update/urn:li:activity:6973754882537246720,09/08/2022,43,,2,0.04651162773,3,0,1,0.1162790731
"Recycled bottle cap used as water shaping propeller
#recycle #bottlecap #propeller #watershaping
https://lnkd.in/gheVqTiY",https://www.linkedin.com/feed/update/urn:li:activity:6973403236925935616,09/07/2022,27,,0,0,4,0,0,0.1111111119
"Oscillating Water Column (OWC) in a fish tank. Converting waves into electricity.
#renewableenergy #wavepower #waveenergy #oscillating #fishtank 
https://lnkd.in/gcu2i3Ua",https://www.linkedin.com/feed/update/urn:li:activity:6973025047854690304,09/06/2022,53,,3,0.05660377443,3,0,1,0.1132075489
"Basin wave power
Oscillating Water Column (OWC) in a basin for household wave energy solutions.
#basin #oscillating #waveenergy #wavepower #renewableenergy 
https://lnkd.in/grCNyQWj",https://www.linkedin.com/feed/update/urn:li:activity:6972633105669001216,09/05/2022,49,,1,0.02040816285,3,0,1,0.08163265139
"Bathtub wave energy
#bathtub #wavepower #waveenergy #renewableenergy 
https://lnkd.in/gJjKC8n4",https://www.linkedin.com/feed/update/urn:li:activity:6972399076550082560,09/05/2022,183,,12,0.06557376683,9,0,0,0.103825137
"Electricity generated from toilet flush in cistern
#renewableenergy #toilet #cistern #waveenergy #wavepower
https://lnkd.in/gGHbJXND",https://www.linkedin.com/feed/update/urn:li:activity:6972297117096693760,09/04/2022,105,,8,0.0761904791,5,0,1,0.1142857149
"Generating electricity in a bathtub with an Oscillating Water Column (OWC)
#oscillating #wavepower #waveenergy #bathtub #renewableenergy 
https://lnkd.in/gMTZ_TXE",https://www.linkedin.com/feed/update/urn:li:activity:6971931221920534528,09/03/2022,69,,2,0.02898550779,5,0,1,0.08695652336
"Laundry tub adaptation of a Wave Energy Converter (WEC)
#laundry #wavepower #waveenergy #homemade #renewableenergy 
https://lnkd.in/dUmPgrRN",https://www.linkedin.com/feed/update/urn:li:activity:6971560512379609088,09/02/2022,88,,6,0.06818182021,6,0,1,0.1363636404
"Generating electricity in bathtub with wave power attenuator
#renewableenergy #wavepower #waveenergy #attenuator #bathtub 
https://lnkd.in/gxWMiKjE",https://www.linkedin.com/feed/update/urn:li:activity:6971331064908722176,09/02/2022,66,,2,0.03030303121,6,0,0,0.09090909362
"Water shaping with bottle cap spinning 
#motor #watershaping #fishtank #bottlecap #recycled 
https://lnkd.in/gWMcenYF",https://www.linkedin.com/feed/update/urn:li:activity:6971202733966049280,09/01/2022,23,,0,0,5,0,1,0.2173912972
"Using water shaping to move & direct objects in water
#watershaping #depollution #vesselless #cargo 
https://lnkd.in/gez_vbu2",https://www.linkedin.com/feed/update/urn:li:activity:6970844284325421057,08/31/2022,24,,1,0.04166666791,3,0,1,0.1666666716
"Choose from a variety of household Wave Energy Converter designs in Hydrizon's home made wave power series.
#homemade #wavepower #waveenergy #household #renewableenergy 
https://lnkd.in/gW-bAAU3",https://www.linkedin.com/feed/update/urn:li:activity:6970621457152307201,08/31/2022,51,,2,0.03921568766,5,0,1,0.1372549087
"Servo motor & Arduino Uno preparation for fish tank water shaping
#servomotor #arduinouno #fishtank #watershaping
https://lnkd.in/gYEYQ7Uz",https://www.linkedin.com/feed/update/urn:li:activity:6970475710142451712,08/30/2022,25,,2,0.07999999821,4,0,0,0.200000003
"Preparing for remote water shaping. TeamViewer on laptop, Arduino microcontrollers with servo motors on top of fish tank.
#servomotor #fishtank #arduino #teamviewer #remoteaccess #watershaping
https://lnkd.in/g5VWxNhf",https://www.linkedin.com/feed/update/urn:li:activity:6970107607525048320,08/29/2022,42,,5,0.1190476194,4,0,0,0.190476194
"SketchUp design for household wave power.
Oscillating Water Column in bathroom basin.
#sketchup #household #wavepower #waveenergy #bathroom #basin #oscillating
https://lnkd.in/gXR6KE5t",https://www.linkedin.com/feed/update/urn:li:activity:6969746432727691264,08/28/2022,54,,3,0.05555555597,4,0,0,0.1111111119
"Inverted pendulum and attenuators used to power Vesselless Cargo by wave energy in this SketchUp design.
#invertedpendulum #attenuator #vesselless #cargo #waveenergy #wavepower #sketchup 
https://lnkd.in/gA4TzArQ",https://www.linkedin.com/feed/update/urn:li:activity:6969375468919676928,08/27/2022,47,,0,0,5,0,0,0.08510638028
"Preparing remote water shaping with Arduino microcontroller, servo motor, TeamViewer and fish tank.
#remoteaccess #teamviewer #arduino #servomotor #fishtank #watershaping
https://lnkd.in/gJYU2i_C",https://www.linkedin.com/feed/update/urn:li:activity:6969028373150932992,08/26/2022,29,,1,0.03448275849,5,0,0,0.1724137962
"Comparison of ocean waves designed in Blender
#blender #blender3d #oceanwaves
https://lnkd.in/gUiKPieV",https://www.linkedin.com/feed/update/urn:li:activity:6968726676264411137,08/26/2022,21,,1,0.04761904851,4,0,0,0.190476194
"Blender design of water shaping equipment for Vesselless Cargo
#blender3d #blender
#cargo #watershaping #vesselless
https://lnkd.in/guCUJZXW",https://www.linkedin.com/feed/update/urn:li:activity:6968671567954292736,08/25/2022,23,,2,0.08695652336,4,0,1,0.2608695626
"Preparing for water shaping. Arduino microcontrollers and servo motors seen through fish tank.
#arduino #fishtank #servomotor",https://www.linkedin.com/feed/update/urn:li:activity:6968376759616503808,08/25/2022,50,32,3,0.05999999866,5,0,1,0.1599999964
"Vesselless Cargo design between docks
#vesselless #cargo #docks #propeller 
https://lnkd.in/giNrq3cw",https://www.linkedin.com/feed/update/urn:li:activity:6968320850257223681,08/24/2022,18,,0,0,4,0,0,0.1666666716
"Wave energy attenuator in a kitchen sink designed using SketchUp
#waveenergy #wavepower #kitchensink #sketchup #attenuator
https://lnkd.in/gJw_662K",https://www.linkedin.com/feed/update/urn:li:activity:6967930064608919553,08/23/2022,57,,9,0.1578947306,5,0,0,0.2280701697
"Vesselless Cargo moving from one port to another in SketchUp.
#vesselless #cargo #sketchup #port2port
https://lnkd.in/gMrK8wHx",https://www.linkedin.com/feed/update/urn:li:activity:6967598332764467200,08/22/2022,51,,6,0.1176470593,4,0,1,0.1960784346
"SketchUp island hub for Vesselless Cargo
#sketchup #vesselless #cargo #island 
https://lnkd.in/gwQTmDez",https://www.linkedin.com/feed/update/urn:li:activity:6967225611299811328,08/21/2022,51,,5,0.09803921729,5,0,0,0.1764705926
"Servo motor and Arduino microcontroller being prepared for remote access control for water shaping in fish tank.
#microcontroller #arduino #fishtank 
https://lnkd.in/gBzqHSSP",https://www.linkedin.com/feed/update/urn:li:activity:6966975302929457153,08/21/2022,34,,3,0.08823529631,3,0,0,0.1470588297
"Preparation for remote access water shaping.
TeamViewer on PC, two Arduino microcontrollers, servo motors and fish tank.
#teamviewer #arduino #servomotor #fishtank #remoteaccess #watershaping
https://lnkd.in/g99GT2H6",https://www.linkedin.com/feed/update/urn:li:activity:6966862795405504512,08/20/2022,48,,7,0.1458333284,5,0,1,0.25
"Remote access ready fish tank for water shaping. Arduino microcontrollers with motors. 360 degree tour.
#fishtank #360degree #arduino #motors #microcontroller 
https://lnkd.in/gGPK3pi9",https://www.linkedin.com/feed/update/urn:li:activity:6966684115655950336,08/20/2022,49,,7,0.1428571492,5,0,0,0.2244897932
"Homemade wave energy from an Oscillating Water Column in a laundry tub
#laundrytub #oscillating #wavepower #waveenergy #sketchup 
https://lnkd.in/guFepdvQ",https://www.linkedin.com/feed/update/urn:li:activity:6966115187959488512,08/18/2022,64,,3,0.046875,7,0,0,0.140625
"Laundry tub attenuator to generate wave power at home, designed in SketchUp
#laundrytub #attenuator #sketchup #wavepower #waveenergy 
https://lnkd.in/gSWKbuBd",https://www.linkedin.com/feed/update/urn:li:activity:6965763914793988096,08/17/2022,54,,3,0.05555555597,5,0,0,0.1296296269
"Reducing electricity bills with homemade wave energy
#electricitybill  #renewableenergy #wavepower #waveenergy #homemade",https://www.linkedin.com/feed/update/urn:li:activity:6965544179506581504,08/17/2022,99,28,6,0.06060606241,5,0,3,0.1313131303
"Propellers on side of swimming pool making waves 
#propeller #swimmingpool #watershaping #wavemaker 
https://lnkd.in/g3DfkBeR",https://www.linkedin.com/feed/update/urn:li:activity:6965380541336498176,08/16/2022,66,,6,0.09090909362,4,0,0,0.1363636404
"SketchUp bathtub with attenuator for household wave energy
#sketchup #bathtub #attenuator #waveenergy #wavepower
https://lnkd.in/gdegNtFZ",https://www.linkedin.com/feed/update/urn:li:activity:6965045213710991360,08/15/2022,74,,3,0.04054053873,4,0,0,0.08108107746
"Using water shaping equipment in swimming pool to make waves
#swimmingpool #watershaping #wavemaker 
https://lnkd.in/gFP4RR79",https://www.linkedin.com/feed/update/urn:li:activity:6964681752866959360,08/14/2022,65,,5,0.07692307979,3,0,0,0.1076923087
"Use disruptive water tech with hydrizon.com
#disruptivetechnologies #watertech #hydrizon",https://www.linkedin.com/feed/update/urn:li:activity:6964326276132167680,08/13/2022,78,,7,0.08974359185,5,0,0,0.1410256475
"Wave energy rig designed in SketchUp.
Oscillating Water Columns (OWCs), overtopping devices, point absorbers and sensors on a combined platform.
#wavepower #waveenergy #sketchup #rig #pointabsorber
https://lnkd.in/gRFBbtHD",https://www.linkedin.com/feed/update/urn:li:activity:6963600506199953408,08/11/2022,68,,2,0.02941176482,3,0,0,0.05882352963
"SketchUp design for wave power attenuator. Examining capture of wave energy in buildings.
#sketchup #attenuator #wavepower #waveenergy 
https://lnkd.in/ggpH-Uqt",https://www.linkedin.com/feed/update/urn:li:activity:6963230402798907392,08/10/2022,51,,1,0.01960784383,5,0,0,0.07843137532
"SketchUp design for point absorber in basin
#basin #pointabsorber #sketchup #waveenergy #wavepower
https://lnkd.in/gCUt6aFG",https://www.linkedin.com/feed/update/urn:li:activity:6962870674839277568,08/09/2022,35,,1,0.02857142873,3,0,0,0.08571428806
"Propellers & water jets used to move water with cargo in it for Vesselless Cargo.
#propeller #waterjet #vesselless #cargo 
https://lnkd.in/gQcn6Xuy",https://www.linkedin.com/feed/update/urn:li:activity:6962511239382020096,08/08/2022,61,,3,0.04918032885,5,0,1,0.1311475337
"Blender design for cargo moving in water
#blender #cargo #vesselless
https://lnkd.in/g4FYfcTx",https://www.linkedin.com/feed/update/urn:li:activity:6962121620425510912,08/07/2022,77,,9,0.116883114,4,3,1,0.19480519
"Water shaping equipment moving items in water for collection by drones
#watershaping #drones #blender 
https://lnkd.in/gv93PQbM",https://www.linkedin.com/feed/update/urn:li:activity:6961078327193341952,08/04/2022,60,,3,0.05000000075,3,0,0,0.08333333582
"Vesselless Cargo at the docks
This SketchUp design shows water shaping equipment moving cargo at a port.
#vesselless #cargo #sketchup #port #docks 
https://lnkd.in/dXpfbRaB",https://www.linkedin.com/feed/update/urn:li:activity:6960694588965556224,08/03/2022,71,,6,0.08450704068,4,0,0,0.1267605573
"Series of whirlpool coil & magnet energy designs made using SketchUp
#coilandmagnet #whirlpool #sketchup 
https://lnkd.in/gj9C8E3F",https://www.linkedin.com/feed/update/urn:li:activity:6960331869397684224,08/02/2022,55,,3,0.05454545468,3,0,0,0.09090909362
"Vesselless Cargo docks designed in Blender
#vesselless #cargo #docks #wharf #blender #blender3d 
https://lnkd.in/gF_wK-GM",https://www.linkedin.com/feed/update/urn:li:activity:6959965813659353089,08/01/2022,96,,8,0.08333333582,5,0,1,0.1354166716
"Removing water pollution with wave powered water shaping
#depollution #waterpollution #renewableenergy #wavepower #waveenergy #sketchup #watershaping
https://lnkd.in/gAKYBGjx",https://www.linkedin.com/feed/update/urn:li:activity:6959616571157745664,07/31/2022,84,,4,0.04761904851,5,0,2,0.1190476194
"Vesselless Cargo design made using Blender showing water shaping equipment
#vesselless #cargo #blender #watershaping
https://lnkd.in/gK3Pk2Qj",https://www.linkedin.com/feed/update/urn:li:activity:6958538238454099968,07/28/2022,56,,3,0.0535714291,4,0,1,0.125
"How to remove water pollution using water shaping technologies
#sketchup #waterpollution #depollution #watershaping
https://lnkd.in/gGMcepF7",https://www.linkedin.com/feed/update/urn:li:activity:6958185102187118592,07/27/2022,39,,1,0.02564102598,4,0,1,0.1282051355
"Depolluting water via water shaping
SketchUp design to direct water shaping equipment to remove pollution from water.
#sketchup #depollution #waterpollution #watershaping
https://lnkd.in/drgYYz-e",https://www.linkedin.com/feed/update/urn:li:activity:6957813612048470016,07/26/2022,60,,4,0.06666667014,6,0,2,0.1833333373
"Comparing Vesselless Cargo in water and on tracking app
#vesselless #cargo #water #trackingsystem #sketchup 
https://lnkd.in/g-UEefst",https://www.linkedin.com/feed/update/urn:li:activity:6957461900162985984,07/25/2022,84,,6,0.07142857462,5,0,0,0.1190476194
"Blender design of Vesselless Cargo in motion
#blender #blender3d #vesselless #cargo 
https://lnkd.in/giFWMKMh",https://www.linkedin.com/feed/update/urn:li:activity:6957083243036766208,07/24/2022,99,,10,0.1010100991,4,0,1,0.1414141357
"Wave Energy Converters (WECs) powering Vesselless Cargo. 
Three types of WECs: attenuators, point absorbers and Oscillating Water Columns (OWCs).
The water shaping tech draws power from the WECs in this design made using SketchUp.
Vesselless Cargo moves cargo in water without ships and boats, instead using water shaping tech.
#vesselless #cargo #wavepower #waveenergy #renewableenergy",https://www.linkedin.com/feed/update/urn:li:activity:6956342150250868736,07/22/2022,177,48,6,0.03389830515,6,0,0,0.05649717525
"Water jets & propellers being used for Vesselless Cargo
#waterjet #propeller #watershaping #vesselless #cargo 
https://lnkd.in/gU2MdNqS",https://www.linkedin.com/feed/update/urn:li:activity:6955981748094603264,07/21/2022,79,,5,0.0632911399,5,0,0,0.1139240488
"Liquid coil & magnet made using SketchUp
#coilandmagnet #liquidcoil #sketchup 
https://lnkd.in/gzJ_6TUj",https://www.linkedin.com/feed/update/urn:li:activity:6955628523357171712,07/20/2022,57,,3,0.05263157934,5,0,0,0.1228070185
"SketchUp design of water shaping tech removing water pollution
#sketchup #watershaping #waterpollution #depollution 
https://lnkd.in/dxPwSxKH",https://www.linkedin.com/feed/update/urn:li:activity:6955236062944210944,07/19/2022,96,,6,0.0625,6,0,1,0.125
"SketchUp design of propellers for water shaping
#propeller #watershaping #sketchup 
https://lnkd.in/gnU7TQ3P",https://www.linkedin.com/feed/update/urn:li:activity:6954890017802518528,07/18/2022,75,,6,0.07999999821,5,0,1,0.1466666609
"SketchUp design of water shaping tech for depolluting water
#sketchup #depollution #watershaping
https://lnkd.in/gUYWWz3n",https://www.linkedin.com/feed/update/urn:li:activity:6954531004267073536,07/17/2022,81,,7,0.08641975373,5,0,0,0.1358024627
"Vesselless Cargo
#vesselless #cargo",https://www.linkedin.com/feed/update/urn:li:activity:6954003506622054402,07/16/2022,96,,6,0.0625,7,0,0,0.125
"SketchUp design of port2port Vesselless Cargo
#sketchup #port2port #porttoport #vesselless #cargo 
https://lnkd.in/gwDR9nnh",https://www.linkedin.com/feed/update/urn:li:activity:6953475538086764544,07/14/2022,54,,4,0.07407407463,5,0,0,0.1481481493
"Intersection for Vesselless Cargo designed in SketchUp
#sketchup #intersection #vesselless #cargo 
https://lnkd.in/g7UMhbJq",https://www.linkedin.com/feed/update/urn:li:activity:6953113058965696513,07/13/2022,68,,6,0.08823529631,5,0,1,0.1617647111
"Whirlpool coil & magnet designed with FreeCAD
#whirlpool #coilandmagnet #FreeCAD
https://lnkd.in/gNm_EMWB",https://www.linkedin.com/feed/update/urn:li:activity:6952789106603044864,07/13/2022,52,,3,0.05769230798,4,0,0,0.115384616
"River to shore Vesselless Cargo
#vesselless #cargo #sketchup 
https://lnkd.in/ghR2aemj",https://www.linkedin.com/feed/update/urn:li:activity:6952436510101057536,07/12/2022,63,,5,0.07936508209,7,0,2,0.206349209
"Satellite tracking of Vesselless Cargo
#sketchup #vesselless #cargo #satellite 
https://lnkd.in/djjAP4Jh",https://www.linkedin.com/feed/update/urn:li:activity:6952008469159759872,07/10/2022,77,,11,0.1428571492,5,0,0,0.19480519
"Using Vesselless Cargo to bypass supply chain bottlenecks
#vesselless #cargo #supplychain #bottlenecks #sketchup 
https://lnkd.in/d-CGnU4A",https://www.linkedin.com/feed/update/urn:li:activity:6950926206884007936,07/07/2022,100,,11,0.1099999994,5,0,4,0.1899999976
"Vesselless Cargo between ports
#vesselless #cargo #betweenports #porttoport #sketchup 
https://lnkd.in/dCPyESKi",https://www.linkedin.com/feed/update/urn:li:activity:6950552959877271552,07/06/2022,156,,17,0.1089743599,6,0,2,0.1538461596
"Vesselless Cargo technologies
#vesselless #cargo #tech",https://www.linkedin.com/feed/update/urn:li:activity:6950326595676958720,07/06/2022,114,,7,0.06140350923,6,0,1,0.1140350848
"Portless communities being served by Vesselless Cargo
#vesselless #cargo #sketchup #portless
https://lnkd.in/dDmT6VkH",https://www.linkedin.com/feed/update/urn:li:activity:6950178888526241792,07/05/2022,129,,10,0.07751937956,6,0,2,0.131782949
"Port to port Vesselless Cargo designed in SketchUp
#port2port #porttoport #vesselless #cargo #sketchup 
https://lnkd.in/dcQ2psPe",https://www.linkedin.com/feed/update/urn:li:activity:6949891022759804928,07/05/2022,113,,10,0.08849557489,4,0,3,0.1415929198
"Blender design comparing Vesselless Cargo to Shipped Cargo
#blender3d #blender #vesselless #cargo 
https://lnkd.in/d-kX_WmU",https://www.linkedin.com/feed/update/urn:li:activity:6949541932075225088,07/04/2022,144,,8,0.05555555597,5,0,2,0.09722222388
"Wave Powered Cargo

Wave Energy Converters (WECs) power water shaping equipment in this SketchUp design for Vesselless Cargo. The water shaping equipment directs the water, the cargo is in the water and goes with the flow. 
#wavepower #waveenergy #renewableenergy #cargo #vesselless #sketchup 
https://lnkd.in/dQeQDUeP",https://www.linkedin.com/feed/update/urn:li:activity:6948765330936598528,07/01/2022,119,,7,0.05882352963,6,0,3,0.1260504276
"Vesselless Cargo moving through canal
#sketchup #vesselless #cargo #canal 
https://lnkd.in/d275SuRA",https://www.linkedin.com/feed/update/urn:li:activity:6948384693843025920,06/30/2022,72,,4,0.05555555597,5,0,2,0.1388888955
"Vesselless Cargo moving under bridge
#vesselless #cargo #sketchup #sydneyharbour 
https://lnkd.in/diniaS25",https://www.linkedin.com/feed/update/urn:li:activity:6948068981274464256,06/30/2022,134,,6,0.04477611929,4,0,2,0.08208955079
"SketchUp design of port for Vesselless Cargo
#sketchup #vesselless #cargo #harbour #harbor 
https://lnkd.in/dZ7UiAsV",https://www.linkedin.com/feed/update/urn:li:activity:6947707029540999168,06/29/2022,107,,3,0.02803738229,4,0,2,0.07476635277
"Vesselless Cargo design in SketchUp, showing movement of cargo without ships to save materials and energy
#vesselless #cargo #sketchup",https://www.linkedin.com/feed/update/urn:li:activity:6947363727486636032,06/28/2022,154,,6,0.03896103799,7,1,4,0.1103896126
"Wave Energy Converters (WECs) adapted for bathtub, fishtank, pool, spa and washing machine. Designed using SketchUp.
#wavepower #waveenergy #sketchup 
https://lnkd.in/djbSWyYS",https://www.linkedin.com/feed/update/urn:li:activity:6946989004093296641,06/27/2022,90,,2,0.02222222276,6,1,3,0.1222222224
"You can help your organisation save money and the environment through the use of Wave Energy Converters (WECs) in the building. Moving water inside buildings can be converted to electricity.
#renewableenergy #renewablenergy #waveenergy #wavepower",https://www.linkedin.com/feed/update/urn:li:activity:6946977271354138624,06/27/2022,124,,13,0.1048387066,5,0,3,0.1532258093
"SketchUp Wave Energy Converter (WEC) designs
#sketchup #waveenergy #wavepower
https://lnkd.in/dqjCyE5E",https://www.linkedin.com/feed/update/urn:li:activity:6945893497354756096,06/24/2022,103,,7,0.06796116382,5,0,1,0.1165048555
"Vesselless Cargo vs Shipped Cargo
#cargo #vesselless #shipping",https://www.linkedin.com/feed/update/urn:li:activity:6945272540256681984,06/22/2022,220,,18,0.0818181783,6,2,3,0.1227272749
"Home made energy using water movement in the home
#renewableenergy #renewablenergy #wavepower #waveenergy #homemade",https://www.linkedin.com/feed/update/urn:li:activity:6945132484971876352,06/21/2022,117,,3,0.02564102598,4,0,2,0.06837607175
"Its now easier than ever for EVERY home to transition to renewable energy.
#renewableenergy #renewablenergy #wavepower #waveenergy",https://www.linkedin.com/feed/update/urn:li:activity:6944882092346347520,06/21/2022,191,,10,0.05235601962,9,2,1,0.1047120392
"Oscillating Water Column designed in SketchUp
#wavepower #waveenergy #sketchup 
https://lnkd.in/dun_gjK8",https://www.linkedin.com/feed/update/urn:li:activity:6944784991297900544,06/20/2022,79,,4,0.05063291267,3,0,0,0.07594936341
"Concept model of moving cargo without ships: Vesselless Cargo
#vesselless #vessel #cargo 
https://lnkd.in/dsxc8ctn",https://www.linkedin.com/feed/update/urn:li:activity:6943296280018182144,06/16/2022,89,,10,0.1123595536,3,0,3,0.1685393304
"Whirlpool coil and magnet in SketchUp
#whirlpool #coilandmagnet #sketchup 
https://lnkd.in/dgAUvdF6",https://www.linkedin.com/feed/update/urn:li:activity:6942929553509998592,06/15/2022,58,,3,0.0517241396,3,0,2,0.1206896529
"Locations in the home for wave energy
#waveenergy #wavepower #sketchup 
https://lnkd.in/dxnTRT9X",https://www.linkedin.com/feed/update/urn:li:activity:6942571592094748672,06/14/2022,61,,3,0.04918032885,3,0,1,0.09836065769
"3 water shaping devices designed in Creo
#creo #watershape
https://lnkd.in/gb3YZCdG",https://www.linkedin.com/feed/update/urn:li:activity:6940761234518552576,06/09/2022,66,,3,0.04545454681,3,0,1,0.09090909362
"Water Shaping pool network
#watershape #watershaping #swimmingpool 
https://lnkd.in/g8tb4EwG",https://www.linkedin.com/feed/update/urn:li:activity:6940424228085133312,06/08/2022,56,,9,0.1607142836,3,0,0,0.1964285672
"Vesselless Cargo design in Blender
#vesselless #cargo #blender 
https://lnkd.in/du5k4_P9",https://www.linkedin.com/feed/update/urn:li:activity:6940042292300771330,06/07/2022,58,,5,0.08620689809,4,0,1,0.1551724076
"Whirlpool coil & magnet
#whirlpool #coilandmagnet
https://lnkd.in/dtkGEGRW",https://www.linkedin.com/feed/update/urn:li:activity:6939669952148713472,06/06/2022,44,,1,0.0227272734,3,0,1,0.09090909362
"Holobath explainer
#holofan #bathtub 
https://lnkd.in/dSkipJBT",https://www.linkedin.com/feed/update/urn:li:activity:6939444294269161472,06/06/2022,40,,2,0.05000000075,5,0,1,0.174999997
"Water jets for Vesselless Cargo designed in SketchUp
#waterjet #cargo #sketchup #vesselless 
https://lnkd.in/djYJ_tCF",https://www.linkedin.com/feed/update/urn:li:activity:6938587515679318016,06/03/2022,51,,3,0.05882352963,3,0,1,0.1176470593
"Vesselless Cargo in SketchUp
#vesselless #vessel #cargo #sketchup 
https://lnkd.in/dN7FC_uT",https://www.linkedin.com/feed/update/urn:li:activity:6938220187280125952,06/02/2022,51,,3,0.05882352963,4,0,2,0.1568627506
"Water movement in holobath
#holofan #bathtub #watertemperature
https://lnkd.in/dQXECWnX",https://www.linkedin.com/feed/update/urn:li:activity:6937947420043415552,06/02/2022,62,,2,0.03225806355,4,0,1,0.09677419066
"Red hot holobath
Red holofans indicate the movement of hot water through the holofan bathtub.
#redhot #holofan #bathtub",https://www.linkedin.com/feed/update/urn:li:activity:6937861419648315392,06/01/2022,56,,1,0.01785714366,4,0,2,0.1071428582
"Holofans are warming up on the bottom of the holobath
#holofan #holobath #hologram #watertemperature #bathtub",https://www.linkedin.com/feed/update/urn:li:activity:6937139795022295041,05/30/2022,74,,4,0.05405405536,6,0,1,0.1351351291
"Cold blue holofans
#bathtub #holofan",https://www.linkedin.com/feed/update/urn:li:activity:6936930199091429376,05/30/2022,43,,0,0,4,0,0,0.06976744533
"Holobath hot water
Blue is cold water. Red is hot water.
Holofans arrayed as a bathtub.
#holofan #bathtub #hotwater",https://www.linkedin.com/feed/update/urn:li:activity:6936856777925754880,05/30/2022,50,,1,0.01999999955,5,0,2,0.1400000006
"Base of the holofan bathtub showing temperature change
#holofan #shortvideo #bathtub #water 
https://lnkd.in/dES9jXKS",https://www.linkedin.com/feed/update/urn:li:activity:6936824760337068032,05/29/2022,51,,3,0.05882352963,3,0,1,0.1176470593
"Blue cold & red hot holofans show the movement of water in a bathtub.
#holofan #hologram #bathtub #temperature",https://www.linkedin.com/feed/update/urn:li:activity:6936800822513012736,05/29/2022,53,,5,0.09433962405,3,0,2,0.1698113233
"Close-up of holobath
#bathtub #holofan #temperature 
https://lnkd.in/dx4iXxw5",https://www.linkedin.com/feed/update/urn:li:activity:6936772285244530688,05/29/2022,26,,2,0.07692307979,4,0,2,0.269230783
"Hot water moving through holofan bathtub
#hotwater #holofan #bathtub 
https://lnkd.in/dB6b4JBG",https://www.linkedin.com/feed/update/urn:li:activity:6936570151458742272,05/29/2022,28,,1,0.03571428731,4,0,1,0.1785714328
"Holofan bathtub showing hot water
#holofan #bathtub #hotwater",https://www.linkedin.com/feed/update/urn:li:activity:6936556773285728256,05/29/2022,30,,0,0,3,0,1,0.1000000015
"Holofan bathtub showing warm water
#holofan #bathtub #warmwater",https://www.linkedin.com/feed/update/urn:li:activity:6936555311742746624,05/29/2022,21,,0,0,4,0,1,0.190476194
"Holofan bathtub showing lukewarm water
#holofan #bathtub #lukewarm",https://www.linkedin.com/feed/update/urn:li:activity:6936552778899021824,05/29/2022,31,,0,0,4,0,1,0.1290322542
"Holofan bathtub showing cold water
#holofan #bathtub #coldwater",https://www.linkedin.com/feed/update/urn:li:activity:6936551091161415680,05/29/2022,54,,5,0.09259258956,5,0,1,0.1851851791
"Holofan bathtub base & side
#holofan #bathtub #temperature 
https://lnkd.in/d9cr_n6X",https://www.linkedin.com/feed/update/urn:li:activity:6936532804767731712,05/29/2022,32,,2,0.0625,4,0,2,0.21875
"Holofan temperature change
#holofan #temperaturechange
https://lnkd.in/dBpq2jnM",https://www.linkedin.com/feed/update/urn:li:activity:6936254152968679424,05/28/2022,63,,7,0.1111111119,5,0,2,0.206349209
"Holofan bathtub framework
Eleven holofans are positioned in a structure to create an integrated bath experience when content is displayed on the holofans.
#holofan #bathtub #hologram 
https://lnkd.in/dpkbBbJ6",https://www.linkedin.com/feed/update/urn:li:activity:6935331107718459392,05/25/2022,63,,3,0.04761904851,5,0,2,0.1428571492
"Wave tank with wave power attenuator
#wavetank #wavepower #waveenergy #attenuator
https://lnkd.in/dMXNASmC",https://www.linkedin.com/feed/update/urn:li:activity:6934601254127964160,05/23/2022,63,,2,0.03174603358,3,0,2,0.09523809701
"Deep surf pool with Wave Energy Converters (WECs)
#waveenergy #wavepower #surfpool #surflake
https://lnkd.in/gWPeNM-c",https://www.linkedin.com/feed/update/urn:li:activity:6933253131120103424,05/20/2022,69,,6,0.08695652336,4,0,2,0.1594202965
"Whirlpool designed in Blender
#whirlpool #blender #blender3d 
https://lnkd.in/d8qNsydZ",https://www.linkedin.com/feed/update/urn:li:activity:6932126968951758848,05/17/2022,68,,6,0.08823529631,4,0,2,0.1617647111
"Attenuator in surf wave pool
#artificialwave #surflake #surfpool #waveenergy #wavepower #attenuator
https://lnkd.in/gmiSuNkv",https://www.linkedin.com/feed/update/urn:li:activity:6931797878935883776,05/16/2022,75,,2,0.02666666731,3,0,2,0.07999999821
"Vesselless cargo design in Blender
#vesselless #cargo #blender #blender3d 
https://lnkd.in/gfqmhB_n",https://www.linkedin.com/feed/update/urn:li:activity:6930716839232622593,05/13/2022,59,,5,0.08474576473,3,0,2,0.1525423676
"Transforming Wave Energy Converters
Oscillating Water Column (OWC) transformed into Overtopping Wave Energy Device in SketchUp
#overtopping #oscillating #waveenergy #wavepower #transformation 
https://lnkd.in/gX8E45U5",https://www.linkedin.com/feed/update/urn:li:activity:6930403369501036544,05/12/2022,72,,6,0.08333333582,3,0,1,0.125
"Using water shaping equipment to move objects in water
#watershaping #vesselless #watermovement
https://lnkd.in/g-ra6-CK",https://www.linkedin.com/feed/update/urn:li:activity:6928434397918498816,05/06/2022,62,,7,0.1129032224,4,0,2,0.1935483813
"Wave Energy Converters (WECs) outside the home.
This design in Creo shows WECs in pool, fountain and roof gutters.
#waveenergy #roofgutters
https://lnkd.in/gJ9fCzA3",https://www.linkedin.com/feed/update/urn:li:activity:6927372279219707904,05/03/2022,56,,3,0.0535714291,4,0,1,0.125
"Wave energy rig designed in SketchUp
#wavepower #waveenergy #rig #sketchup 
https://lnkd.in/gnAqHeM5",https://www.linkedin.com/feed/update/urn:li:activity:6927100448973758464,05/03/2022,66,,7,0.1060606092,4,0,2,0.1818181872
"Mix'n'match tech development

Enabling sharing of technology development work with Technology Readiness Blocks.
#development #blockchain #nft #technology 
https://lnkd.in/gAc6zRcv",https://www.linkedin.com/feed/update/urn:li:activity:6925330156932804608,04/28/2022,36,,4,0.1111111119,4,0,2,0.25
"Wave Energy Converter Morphing

Oscillating Water Column (OWC) morphs into Overtopping Wave Energy Converter.
This design for Wave Energy Converter (WEC) morphing was made in FreeCAD.
#freecad #morphing #waveenergy #wavepower
https://lnkd.in/gXVNq_bZ",https://www.linkedin.com/feed/update/urn:li:activity:6924837055130738688,04/26/2022,63,,1,0.01587301679,5,0,1,0.09523809701
"Wave Energy Converters in Kitchen, Laundry & Bathroom

Waves can be converted into electricity in the home. This video shows Wave Energy Converters (WECs) in the kitchen, laundry & bathroom. The design was made in Creo.
#renewableenergy #wavepower #waveenergy #diy #kitchen #laundry #bathroom #energy #electricity #design #video 
https://lnkd.in/gmPcXCsW",https://www.linkedin.com/feed/update/urn:li:activity:6924457267429875712,04/25/2022,32,,1,0.03125,3,0,1,0.125
"Design for surfing holowaves
#surfboard #hologram #holofan
https://lnkd.in/gWHvUzwt",https://www.linkedin.com/feed/update/urn:li:activity:6923781585209102336,04/23/2022,37,,5,0.1351351291,4,0,0,0.2162162215
"Blockchain opens up Research & Development (R&D)
#blockchain #research #development #technologies",https://www.linkedin.com/feed/update/urn:li:activity:6923448280123133952,04/23/2022,37,,3,0.08108107746,3,0,2,0.1891891956
"Whirlpool made in Blender
#whirlpool #Blender
https://lnkd.in/gmsbH9hG",https://www.linkedin.com/feed/update/urn:li:activity:6923100891105435648,04/22/2022,36,,3,0.08333333582,4,0,0,0.1666666716
"Kitchen Wave Energy Converters (WECs) designed with Creo.
#creo #kitchen #waveenergy #wavepower
https://lnkd.in/gdmADUHC",https://www.linkedin.com/feed/update/urn:li:activity:6922406699655995392,04/20/2022,42,,1,0.02380952425,3,0,2,0.1190476194
"Oscillating Water Column (OWC) with nozzle designed in CATIA. This wave energy device is adapted with the fitting.
#wavepower #waveenergy #oscillating #catia 
https://lnkd.in/gxX6Tryb",https://www.linkedin.com/feed/update/urn:li:activity:6922053940964450304,04/19/2022,34,,2,0.05882352963,3,0,0,0.1176470593
"The future of R&D

Research & Development (R&D) can benefit from blockchain. Technology Readiness Blocks are NFTs. They enable development work in one pipeline to be repurposed in another technology development pipeline.
#researchanddevelopment #tech #nftcommunity #nftnews #nft #blockchain #trl 
https://lnkd.in/gmq9Pu4t",https://www.linkedin.com/feed/update/urn:li:activity:6921618032838529025,04/18/2022,42,,4,0.09523809701,4,0,2,0.2142857164
"Waver for washing
Instead of baths and showers you can wash with waves.
#waves #washing #bath #waver
https://lnkd.in/g7RzbBYV",https://www.linkedin.com/feed/update/urn:li:activity:6921304914107281408,04/17/2022,41,,4,0.09756097198,4,0,0,0.1707317084
"Technology development by NFT blocks
#nftcommunity #nftnews #nft #nftproject #blockchain #technology 
https://lnkd.in/gXg2DyUN",https://www.linkedin.com/feed/update/urn:li:activity:6920952001623203840,04/16/2022,39,,4,0.1025641039,5,0,2,0.2564102709
"Inside the Technology Readiness Blocks

NFTs for the tech development process.
#nftcommunity #nftnews #blockchain #tech 
https://lnkd.in/ghnYYtB8",https://www.linkedin.com/feed/update/urn:li:activity:6920527166480818176,04/15/2022,26,,3,0.115384616,4,0,2,0.269230783
"Point Absorber for Dishwasher

Collecting wave energy in a dishwasher with a point absorber device.
#waveenergy #wavepower #dishwasher #renewableenergy 
https://lnkd.in/gi6Rr65A",https://www.linkedin.com/feed/update/urn:li:activity:6920466339367202816,04/14/2022,36,,3,0.08333333582,3,0,0,0.1388888955
"Wave Energy Converters (WECs) in pipes.
Capturing wave power in the built environment.
Video shows multiple WECs in pipes.
#waveenergy #wavepower #pipes #renewableenergy 
https://lnkd.in/g247vA9Y",https://www.linkedin.com/feed/update/urn:li:activity:6920168561369890816,04/14/2022,48,,6,0.125,4,0,1,0.2083333284
"Wave Energy Converters (WECs) for the laundry.
WECs in laundry tub and washing machine.
#wavepower #waveenergy #laundry 
https://lnkd.in/gGYqGJKM",https://www.linkedin.com/feed/update/urn:li:activity:6919756923496009728,04/12/2022,45,,4,0.08888889104,4,0,0,0.1555555612
"Blockchain is disrupting Research & Development.
#blockchain #nftcommunity #nftnews #nftproject #nfts #nft #technology #technologicalinnovation",https://www.linkedin.com/feed/update/urn:li:activity:6919525258068705280,04/12/2022,43,,0,0,6,0,1,0.1395348907
"Sequencing the Technology Readiness Blocks: aligning the productive NFTs for tech development
#nftcommunity #nftnews #nft #blockchain #tech 
https://lnkd.in/gtN2Fcz7",https://www.linkedin.com/feed/update/urn:li:activity:6919473740741308416,04/12/2022,31,,6,0.1935483813,4,0,2,0.3548386991
"Wave Energy Converters (WECs) in the kitchen.
WECs positioned in kitchen sink, drainage and dishwasher.
This design for renewable energy generated in the home was made in SketchUp.
#WEC #waveenergy #wavepower #renewableenergy #sketchup #sketchup3d #kitchen #dishwasher #sink 
https://lnkd.in/gXvnMqVf",https://www.linkedin.com/feed/update/urn:li:activity:6919027935991521280,04/10/2022,39,,3,0.07692307979,4,0,2,0.2051282078
"Claim your share of tech development with these NFTs: Technology Readiness Blocks
#nftcommunity #nftnews #nft #nftproject #blockchain #tech 
https://lnkd.in/gdRnGPkY",https://www.linkedin.com/feed/update/urn:li:activity:6918855709992390656,04/10/2022,37,,5,0.1351351291,4,0,1,0.2162162215
"NFTs improving Research & Development
#nftcommunity #nftnews #nft #nftproject #researchanddevelopment #blockchain #techinnovations",https://www.linkedin.com/feed/update/urn:li:activity:6918805327467470848,04/10/2022,43,,3,0.06976744533,4,0,1,0.1627907008
"Waver for washing, instead of baths and showers you can use waves
#waves #waver #shower 
https://lnkd.in/gcHPMFA2",https://www.linkedin.com/feed/update/urn:li:activity:6918745139091841024,04/10/2022,27,,2,0.07407407463,3,0,0,0.1481481493
"These NFTs were made for working.
These NFTs work on tech development.
#nftcommunity #nftnews #nft #technology #blockchain",https://www.linkedin.com/feed/update/urn:li:activity:6918498599920156672,04/09/2022,42,,6,0.1428571492,4,0,0,0.2142857164
"No more pretty NFTs,
these NFTs work,
these NFTs solve real challenges
#nftcommunity #nftnews #nft #renewableenergy #blockchain 
https://lnkd.in/gvdaAxnn",https://www.linkedin.com/feed/update/urn:li:activity:6918407428803883008,04/09/2022,46,,7,0.1521739066,5,0,2,0.2608695626
"Building blocks for the future

NFTs for tech development: Technology Readiness Blocks.
You can participate in the development of wave energy tech.
#nftcommunity #nftnews #nft #nftproject #blockchain #tech",https://www.linkedin.com/feed/update/urn:li:activity:6918364181435998208,04/09/2022,41,,0,0,5,0,2,0.1219512224
"Surf bath design in FreeCAD
#surfbath #surfpool #surflake #freecad
https://lnkd.in/grn2yudQ",https://www.linkedin.com/feed/update/urn:li:activity:6918317349175537664,04/08/2022,40,,5,0.125,4,0,0,0.200000003
"Roblox water waves
#roblox #water #waves 
https://lnkd.in/gdRKDQkc",https://www.linkedin.com/feed/update/urn:li:activity:6918056692442152960,04/08/2022,31,,2,0.06451612711,4,0,1,0.2258064449
"The blockchain wave energy simulator is now live.

You can test purchasing wave generated electricity using Ethereum.

The guide to using the simulator is:
https://lnkd.in/gffGBbmf
#crypto #ethereum #blockchain #renewableenergy #wavepower #waveenergy",https://www.linkedin.com/feed/update/urn:li:activity:6918009586595627008,04/08/2022,124,,15,0.1209677383,5,1,2,0.1854838729
"Participate in tech development with productive & ethical NFTs
#nftcommunity #nftnews #nft #environmentallyfriendly #renewableenergy #waveenergy",https://www.linkedin.com/feed/update/urn:li:activity:6917736115881857024,04/07/2022,246,,1,0.004065040499,4,0,2,0.02439024299
"Productive & Ethical NFTs for wave power tech 
#nftcommunity #nftnews #nft #waveenergy #renewableenergy",https://www.linkedin.com/feed/update/urn:li:activity:6917718110481387520,04/07/2022,72,,3,0.04166666791,6,0,2,0.125
"3D NFT tech blocks

Non-Fungible Tokens for technology development.
#nftnews #nft #blockchain #technology 
https://lnkd.in/gk99jnRB",https://www.linkedin.com/feed/update/urn:li:activity:6917657847984009216,04/07/2022,39,,4,0.1025641039,4,0,2,0.2307692319
"Functional NFTs for wave power technology

Technology Readiness Blocks enable more people to participate in technological development.
Hydrizon enables you to utilize these NFTs for wave energy technologies.
#wavepower #waveenergy #renewableenergy #blockchain #nftnews 
https://lnkd.in/gXzSG-WC",https://www.linkedin.com/feed/update/urn:li:activity:6917627197365108737,04/07/2022,44,,6,0.1363636404,4,0,1,0.227272734
"Wave Energy Converters with Style

You can capture wave energy in the home.
To encourage wider adoption of wave energy in the home this video shows styled Wave Energy Converters (WECs). 
Helping you select wave energy options that reflect a property's style.
#wavepower #waveenergy #renewableenergy #style 
https://lnkd.in/gcSjNWXJ",https://www.linkedin.com/feed/update/urn:li:activity:6917592467223588864,04/06/2022,37,,4,0.1081081107,4,0,1,0.2162162215
"Bathtub oscillating wave converter
#waveenergy #wavepower #renewableenergy #bathtub 
https://lnkd.in/g9VnQPtG",https://www.linkedin.com/feed/update/urn:li:activity:6917318667953205248,04/06/2022,41,,3,0.07317072898,4,0,0,0.1219512224
"Waves of water in Roblox
#roblox #water #waves 
https://lnkd.in/empeBwf3",https://www.linkedin.com/feed/update/urn:li:activity:6917230867081773056,04/05/2022,39,,6,0.1538461596,4,0,0,0.2307692319